{
  "bsp_data": {
    "all_data": [
      {
        "MaxSize": 5000,
        "identifier": 0
      },
      {
        "MaxSize": 5000,
        "identifier": 1
      },
      {
        "MaxSize": 5000,
        "identifier": 2
      }
    ],
    "all_data_info": [
      [
        0,
        {
          "MaxSize": "Setpoint",
          "identifier": {
            "w": 1.0,
            "x": 0.9999899864196777,
            "y": 1.0,
            "z": 0.9999972581863403
          }
        }
      ],
      [
        1,
        {
          "MaxSize": "Speed",
          "identifier": {
            "w": 1.0,
            "x": 0.8823529481887817,
            "y": 0.19896195828914642,
            "z": 0.8019545674324036
          }
        }
      ],
      [
        2,
        {
          "MaxSize": "PWM",
          "identifier": {
            "w": 1.0,
            "x": 0.2520184814929962,
            "y": 0.6065559387207031,
            "z": 0.9019607901573181
          }
        }
      ]
    ],
    "plot_monitor": {
      "all_plots": [
        {
          "all_plot_data": [
            0,
            2,
            1
          ],
          "autoscale": false,
          "name": "Plot 1",
          "other_x_axis": false,
          "paused_x_axis_modifier": 0.10000000149011612,
          "plot_height": 300.0,
          "time_frame": 10.0,
          "x_axis": -1,
          "x_axis_realtime": true,
          "y_axis": [
            [
              0,
              0
            ],
            [
              2,
              1
            ],
            [
              1,
              0
            ]
          ]
        }
      ]
    },
    "serial_manager": {
      "baud_rate": 115200,
      "comport_num": 3
    }
  }
}